#class	parent
__internalNonRefCountedObjectList	igObject
__internalObjectList	__internalNonRefCountedObjectList
_edge	igHeapable
_edgeList	igObjectList
_face	igObject
_faceList	igObjectList
_vertex	igObject
_vertexList	igObjectList
igAABox	igVolume
igActor	igGroup
igActorInfo	igInfo
igActorInfoList	igObjectList
igActorList	igObjectList
igAdaptiveFloatHistogramBuilder	igObject
igAlarm	igObject
igAliasMemoryPool	igMemoryPool
igAlphaFunctionAttr	igVisualAttribute
igAlphaStateAttr	igVisualAttribute
igAnimation	igNamedObject
igAnimationBinding	igObject
igAnimationBindingList	igObjectList
igAnimationCombiner	igAnimationSystem
igAnimationCombinerBoneInfo	igObject
igAnimationCombinerBoneInfoList	igObjectList
igAnimationCombinerBoneInfoListList	igObjectList
igAnimationCombinerBoneInfoPool	igObjectPool
igAnimationCombinerList	igObjectList
igAnimationDatabase	igInfo
igAnimationDatabaseList	igObjectList
igAnimationHierarchy	igNamedObject
igAnimationInfo	igInfo
igAnimationList	igObjectList
igAnimationModifier	igObject
igAnimationModifierList	igObjectList
igAnimationSequence	igTransformSource
igAnimationState	igObject
igAnimationStateList	igObjectList
igAnimationStatePool	igObjectPool
igAnimationSystem	igNamedObject
igAnimationToken	igObject
igAnimationTokenList	igObjectList
igAnimationTrack	igNamedObject
igAnimationTrackList	igObjectList
igAnimationTransitionDefinition	igObject
igAnimationTransitionDefinitionList	igObjectList
igAnimationTransitionParams	igObject
igAnimationTransitionPoint	igObject
igAnimationTransitionPointList	igObjectList
igAppearance	igNamedObject
igAppearanceList	igObjectList
igArenaMemoryPool	igMemoryPool
igAttr	igObject
igAttrDefaultManager	igObject
igAttrList	igObjectList
igAttrListList	igObjectList
igAttrPool	igObject
igAttrSet	igGroup
igAttrStack	igNonRefCountedObjectStack
igAttrStackList	igObjectList
igAttrStackManager	igObject
igAttrStackManagerPopFunctionList	igDataList
igAudioContext	igObject
igBillboard	igGroup
igBillboardProcessor	igShaderProcessor
igBitMask	igUnsignedIntList
igBlendEquationExt	igContextExt
igBlendFunctionAttr	igVisualAttribute
igBlendListRecord	igObject
igBlendListRecordList	igObjectList
igBlendMatricesAttr	igVisualAttribute
igBlendMatricesAttrPool	igObjectPool
igBlendMatrixPaletteAttr	igVisualAttribute
igBlendMatrixPaletteAttrList	igObjectList
igBlendMatrixSelect	igAttrSet
igBlendStateAttr	igVisualAttribute
igBlendingControlStateAttr	igVisualAttribute
igBlendingCorrectionStateAttr	igVisualAttribute
igBlockMemoryPool	igMemoryPool
igBoolArrayMetaField	igBoolMetaField
igBoolList	igDataList
igBoolMetaField	igMetaField
igBoolObject	igObject
igBoolObjectList	igObjectList
igBoundingBoxesMaker	igObject
igBumpMapShader	igGroup
igCallStackTable	igObject
igCallStackTracer	igUnsignedIntListNoClean
igCamera	igNode
igCapabilityManager	igObject
igCartoonShader	igGroup
igCartoonShaderProcessor	igShaderProcessor
igCharArrayMetaField	igCharMetaField
igCharList	igDataList
igCharListNoClean	igCharList
igCharMetaField	igMetaField
igClearAttr	igVisualAttribute
igClippingStateAttr	igVisualAttribute
igClut	igObject
igCollideHull	igInfo
igColorAttr	igVisualAttribute
igColorAttrPool	igObjectPool
igColorMaskAttr	igVisualAttribute
igColorScalerStateAttr	igVisualAttribute
igCommonTraversal	igTraversal
igCompileTraversal	igCommonTraversal
igCompiledGraph	igGroup
igCompiledTransform	igObject
igCompiledTransformList	igObjectList
igCompoundMetaField	igMetaField
igCompressedAnimationSequenceQS	igAnimationSequence
igCompressedBezierAnimationSequenceQS	igCompressedAnimationSequenceQS
igCompressedTransformSequence1_5Data	igObject
igCompression	igObject
igContainsFunctionList	igDataList
igContainsRayFunctionList	igDataList
igContainsVecFunctionList	igDataList
igContext	igObject
igContextExt	igContext
igContextExtInfo	igObject
igContextExtInfoList	igObjectList
igContextExtList	igObjectList
igContextList	igNonRefCountedObjectList
igController	igEventProducer
igControllerList	igObjectList
igControllerManager	igEventProducer
igCopyRenderDestinationAttr	igVisualAttribute
igCriMovieCodec	igMovieCodec
igCriMovieData	igObject
igCullFaceAttr	igVisualAttribute
igCustomMatrixState	igCustomState
igCustomMatrixStateList	igObjectList
igCustomState	igNamedObject
igCustomStateCollection	igObjectList
igCustomStateCollectionAttr	igVisualAttribute
igCustomStateCollectionList	igObjectList
igCustomStateField	igNamedObject
igCustomStateFieldList	igObjectList
igCustomVectorState	igCustomState
igCustomVectorStateList	igObjectList
igDOFCamera	igCamera
igDOFShader	igGroup
igDataList	igObject
igDataPump	igObject
igDataPumpFloatLinearInterface	igDataPumpInterface
igDataPumpFloatSource	igDataPumpSource
igDataPumpInfo	igInfo
igDataPumpInterface	igObject
igDataPumpList	igObjectList
igDataPumpManager	igObject
igDataPumpSource	igObject
igDataPumpVec3fLinearInterface	igDataPumpInterface
igDataPumpVec3fSource	igDataPumpSource
igDataPumpVec4fBezierInterface	igDataPumpInterface
igDataPumpVec4fLinearInterface	igDataPumpInterface
igDataPumpVec4fSource	igDataPumpSource
igDecalAttr	igVisualAttribute
igDecalExt	igContextExt
igDefaultInterfaceManager	igInterfaceManager
igDependencyList	igDataList
igDependencyMetaField	igCompoundMetaField
igDependencyOrderedList	igObject
igDepthFunctionAttr	igVisualAttribute
igDepthStateAttr	igVisualAttribute
igDepthWriteStateAttr	igVisualAttribute
igDestinationAlphaAttr	igVisualAttribute
igDestinationAlphaFunctionAttr	igVisualAttribute
igDestinationAlphaStateAttr	igVisualAttribute
igDirEntry	igNamedObject
igDirectory	igObjectList
igDirectoryList	igObjectList
igDisableExt	igContextExt
igDisplayListAttr	igAttr
igDitherStateAttr	igVisualAttribute
igDoubleArrayMetaField	igDoubleMetaField
igDoubleList	igDataList
igDoubleMetaField	igMetaField
igDoubleStack	igDataList
igDriverDatabase	igObject
igDriverVersion	igObject
igDx8AudioContext	igAudioContext
igDx8AudioSourceList	igDataList
igDx8DecalExt	igDecalExt
igDx8DisableExt	igDxDisableExt
igDx8EnvironmentMapShader	igEnvironmentMapShader2
igDx8Image	igDxImage
igDx8IndexArray	igDxIndexArray
igDx8IndexArrayList	igDxIndexArrayList
igDx8InternalLightList	igDxInternalLightList
igDx8MultiTextureExt	igDxMultiTextureExt
igDx8PointSpriteExt	igDxPointSpriteExt
igDx8VertexArray1_1	igDxVertexArray1_1
igDx8VertexArray2	igDxVertexArray2
igDx8VertexArrayList	igDxVertexArrayList
igDx8VertexBlendingShaderManager	igDxVertexBlendingShaderManager
igDx8VertexStream	igDxVertexStream
igDx8VisualContext	igDxVisualContext
igDxDisableExt	igDisableExt
igDxImage	igMemoryImage
igDxImageConvert	igImageConvert
igDxImageUtils	igObject
igDxIndexArray	igIndexArray
igDxIndexArrayList	igNonRefCountedObjectList
igDxInternalLightList	igDataList
igDxMultiTextureExt	igMultiTextureExt
igDxPointSpriteExt	igPointSpriteExt
igDxVertexArray1_1	igVertexArray1_1
igDxVertexArray2	igVertexArray2
igDxVertexArray2List	igObjectList
igDxVertexArrayList	igNonRefCountedObjectList
igDxVertexBlendingShaderManager	igObject
igDxVertexStream	igVertexStream
igDxVisualContext	igVisualContext
igElfFile	igProgramFile
igEmptyFunctionList	igDataList
igEnbayaAnimationSource	igObject
igEnbayaAnimationState	igAnimationState
igEnbayaContextPool	igObject
igEnbayaTransformSource	igTransformSource
igEnumArrayMetaField	igEnumMetaField
igEnumHelper	igObject
igEnumMetaField	igMetaField
igEnvironmentMapShader2	igGroup
igEnvironmentMapShader2List	igObjectList
igErrorHandler	igObject
igEventProducer	igObject
igEventProducerList	igObjectList
igEventTracker	igObject
igExtendByFunctionList	igDataList
igExtendByRayFunctionList	igDataList
igExtendByVecFunctionList	igDataList
igExternalDirEntry	igDirEntry
igExternalImageEntry	igExternalDirEntry
igExternalIndexedEntry	igDirEntry
igExternalInfoEntry	igDirEntry
igFakePointLightPool	igLightSet
igFastStackMemoryPool	igMemoryPool
igFieldRefResolver	igObjectRefResolver
igFile	igNamedObject
igFileAttrDefaultManager	igAttrDefaultManager
igFileCapabilityManager	igCapabilityManager
igFileImage	igImage
igFileImagePng	igFileImage
igFixedSizeMemoryPool	igMemoryPool
igFloatArrayMetaField	igFloatMetaField
igFloatConstantAttr	igCustomStateCollectionAttr
igFloatHistogram	igHistogramBase
igFloatList	igDataList
igFloatListList	igObjectList
igFloatMetaField	igMetaField
igFloatObject	igObject
igFloatObjectList	igObjectList
igFogAttr	igVisualAttribute
igFogStateAttr	igVisualAttribute
igFolder	igObject
igFrustCullTraversal	igCommonTraversal
igGamecubeCapabilityManager	igObject
igGenericAttrDefaultManager	igAttrDefaultManager
igGenericCapabilityManager	igCapabilityManager
igGeometry	igAttrSet
igGeometryAttr	igVisualAttribute
igGeometryAttr1_5	igGeometryAttr
igGeometryAttr2	igVisualAttribute
igGeometryAttrList	igObjectList
igGeometryList	igObjectList
igGeometryMaskAttr	igVisualAttribute
igGeometrySetAttr	igVisualAttribute
igGetCenterFunctionList	igDataList
igGfxShaderConstant	igNamedObject
igGfxShaderConstantList	igObjectList
igGfxShaderDefine	igNamedObject
igGfxShaderDefineList	igObjectList
igGfxStateModifierList	igDataList
igGraphPath	igObject
igGraphPathList	igObjectList
igGroup	igNode
igHashedUserInfo	igUserInfo
igHeap	igObject
igHeapable	igObject
igHeapableList	igObjectList
igHistogramBase	igObject
igIGBFile	igDirectory
igImage	igObject
igImageConvert	igImageUtils
igImageInfo	igInfo
igImageList	igObjectList
igImageLoader	igImageUtils
igImageMipMapList	igObjectList
igImageRefResolver	igObjectRefResolver
igImageUtils	igObject
igIndexArray	igObject
igInfo	igNamedObject
igInfoList	igObjectList
igIniShaderFactory	igShaderFactory
igIniShaderManager	igObject
igIntArrayMetaField	igIntMetaField
igIntHistogram	igHistogramBase
igIntList	igDataList
igIntListList	igObjectList
igIntListNoClean	igIntList
igIntMetaField	igMetaField
igIntObject	igObject
igIntObjectList	igObjectList
igIntStack	igDataList
igInterfaceManager	igObject
igInterpretedShader	igSimpleShader
igInterpretedShaderData	igTransientShaderData
igInterpretedShaderProcessor	igShaderProcessor
igIntersectPathList	igObjectList
igIntersectTraversal	igTraversal
igIntersectionFunctionList	igDataList
igInverseKinematicsAnimation	igAnimation
igInverseKinematicsHandle	igTransform
igInverseKinematicsHandleList	igObjectList
igInverseKinematicsJoint	igJoint
igInverseKinematicsJointList	igObjectList
igInverseKinematicsSolver	igNode
igInverseKinematicsSource	igAnimationSequence
igIsEmptyFunctionList	igDataList
igJoint	igTransform
igLibrary	igObject
igLibraryList	igObjectList
igLibraryLoader	igObject
igLightAttr	igVisualAttribute
igLightList	igObjectList
igLightSet	igNode
igLightStateAttr	igVisualAttribute
igLightStateAttrList	igObjectList
igLightStateAttrPool	igObjectPool
igLightStateSet	igGroup
igLightingStateAttr	igVisualAttribute
igLineWidthAttr	igVisualAttribute
igLineWidthExt	igContextExt
igLocationTable	igObject
igLod	igGroup
igLongArrayMetaField	igLongMetaField
igLongList	igDataList
igLongMetaField	igMetaField
igLongStack	igDataList
igLongTimer	igTimer
igMacroTextureRegionAttr	igVisualAttribute
igMallocMemoryPool	igMemoryPool
igMaterialAttr	igVisualAttribute
igMaterialAttrPool	igObjectPool
igMaterialModeAttr	igVisualAttribute
igMatrix44fList	igDataList
igMatrix44fMetaField	igMetaField
igMatrix44fPointerList	igDataList
igMatrixConstantAttr	igCustomStateCollectionAttr
igMatrixObject	igObject
igMatrixObjectList	igObjectList
igMatrixObjectPool	igObjectPool
igMatrixOptStateAttr	igVisualAttribute
igMatrixStack	igDataList
igMeanAndStandardDeviation	igObject
igMedia	igObject
igMediaFile	igFile
igMediaList	igObjectList
igMemoryDescriptorList	igDataList
igMemoryDescriptorMetaField	igCompoundMetaField
igMemoryDictionary	igObject
igMemoryDirEntry	igDirEntry
igMemoryFile	igFile
igMemoryFileEntry	igNamedObject
igMemoryFileEntryList	igObjectList
igMemoryImage	igImage
igMemoryPool	igObject
igMemoryPoolContext	igObject
igMemoryPoolContextInfo	igInfo
igMemoryPoolInfo	igInfo
igMemoryPoolInfoList	igObjectList
igMemoryRefArrayMetaField	igMemoryRefMetaField
igMemoryRefMetaField	igRefMetaField
igMersenneTwisterRandomNumber	igRandomNumber
igMetaEnum	igObject
igMetaField	igObject
igMetaFieldInfo	igInfo
igMetaFieldList	igObjectList
igMetaObject	igObject
igMetaObjectList	igObjectList
igMetaObjectListList	igObjectList
igMipMapAttr	igVisualAttribute
igModelViewMatrixAttr	igVisualAttribute
igModelViewMatrixAttrList	igObjectList
igModelViewMatrixAttrPool	igObjectPool
igModelViewMatrixBoneSelect	igGroup
igModelViewMatrixBoneSelectList	igObjectList
igMorphBase	igObject
igMorphData	igObject
igMorphDataList	igObjectList
igMorphInstance	igGeometry
igMorphInstance2	igGeometry
igMorphSequence	igObject
igMorphSequenceData	igObject
igMorphSequenceDataList	igObjectList
igMorphedGeometryAttr	igVisualAttribute
igMovieCodec	igNamedObject
igMovieCodecList	igObjectList
igMovieInfo	igInfo
igMovieInfoList	igObjectList
igMovieManagerNoInsight	igNamedObject
igMultiPassStateAttr	igVisualAttribute
igMultiResolutionMeshCore	igObject
igMultiResolutionMeshInstance	igGeometry
igMultiTextureExt	igContextExt
igMultiTextureShader	igShader
igNamedObject	igObject
igNamedObjectInfo	igInfo
igNamedObjectList	igObjectList
igNode	igNamedObject
igNodeList	igObjectList
igNodeListList	igObjectList
igNodeRefResolver	igObjectRefResolver
igNonRefCountedAttrList	igNonRefCountedObjectList
igNonRefCountedAttrSetList	igNonRefCountedObjectList
igNonRefCountedAttrStackManagerList	igNonRefCountedObjectList
igNonRefCountedBoolObjectList	igNonRefCountedObjectList
igNonRefCountedDxVertexArray2List	igNonRefCountedObjectList
igNonRefCountedDxVertexStreamList	igNonRefCountedObjectList
igNonRefCountedFloatObjectList	igNonRefCountedObjectList
igNonRefCountedIntObjectList	igNonRefCountedObjectList
igNonRefCountedMatrixObjectList	igNonRefCountedObjectList
igNonRefCountedMatrixObjectListStack	igNonRefCountedObjectStack
igNonRefCountedNodeList	igNonRefCountedObjectList
igNonRefCountedObjectList	igDataList
igNonRefCountedObjectStack	igDataList
igNonRefCountedThreadList	igNonRefCountedObjectList
igNonRefCountedTransformList	igNonRefCountedObjectList
igNonRefCountedVec3fObjectList	igNonRefCountedObjectList
igNonRefCountedVec4fObjectList	igNonRefCountedObjectList
igNonUniformIntHistogram	igIntHistogram
igNormalizeNormalsStateAttr	igVisualAttribute
igObjectDirEntry	igDirEntry
igObjectList	igDataList
igObjectListList	igObjectList
igObjectPool	igObjectList
igObjectRefArrayMetaField	igObjectRefMetaField
igObjectRefMetaField	igRefMetaField
igObjectRefResolver	igNamedObject
igObjectRegistryMap	igObject
igObjectStack	igDataList
igObjectStringMap	igObject
igObjectStringMapInfo	igInfo
igOverrideAttrSet	igAttrSet
igPageMemoryPool	igMemoryPool
igParticleArray	igObject
igParticleArrayHelper	igObject
igParticleAttr	igVisualAttribute
igParticleAttrList	igObjectList
igParticleFormat	igObject
igPixelPipelineModeAttr	igVisualAttribute
igPixelShaderAttr	igVisualAttribute
igPixelShaderBindAttr	igVisualAttribute
igPixelShaderConstantAttr	igVisualAttribute
igPixelShaderStateAttr	igVisualAttribute
igPlanarShadowProcessor	igShaderProcessor
igPlanarShadowShader	igAttrSet
igPlane	igVolume
igPluginHelper	igObject
igPluginRepository	igNamedObject
igPluginRepositoryList	igObjectList
igPointSpriteExt	igContextExt
igPointSpriteSizeAttr	igVisualAttribute
igPointerList	igDataList
igPointerListList	igObjectList
igPolygonModeAttr	igVisualAttribute
igPolygonOffsetAttr	igVisualAttribute
igPrimLengthArray	igObject
igPrimLengthArray1_1	igPrimLengthArray
igProbe	igObject
igProcGeometry	igGeometry
igProgramFile	igObject
igProjectionMatrixAttr	igVisualAttribute
igProjectionMatrixAttrPool	igObjectPool
igProjectiveShadowShader	igGroup
igProjectiveTextureProcessor	igShaderProcessor
igProperty	igObject
igPropertyKey	igObject
igPropertyList	igObjectList
igPropertyValue	igObject
igPsx2CapabilityManager	igCapabilityManager
igPthreadSemaphore	igSemaphore
igPthreadThread	igThread
igPthreadThreadManager	igThreadManager
igQuaternionfList	igDataList
igQueue	igObject
igRandomNumber	igObject
igRawRefArrayMetaField	igRawRefMetaField
igRawRefMetaField	igRefMetaField
igRay	igObject
igRayIntersectionFunctionList	igDataList
igRayList	igObjectList
igRefMetaField	igMetaField
igRefVertexBlendMatrixAttr	igVisualAttribute
igRegistry	igObject
igRegistryValue	igObject
igRegistryValueList	igObjectList
igRenderDestinationAttr	igVisualAttribute
igRenderListAttr	igVisualAttribute
igRenderPackage	igObject
igRenderPackageList	igNonRefCountedObjectList
igRenderPackagePool	igObjectPool
igResource	igObject
igRuntimeProfiler	igEventTracker
igSceneAmbientColorAttr	igVisualAttribute
igSceneInfo	igInfo
igScissorAttr	igVisualAttribute
igScissorExt	igContextExt
igScissorTypeAttr	igVisualAttribute
igSegment	igGroup
igSelfShadowShader	igGroup
igSemaphore	igNamedObject
igSetRenderDestinationAttr	igVisualAttribute
igShadeModelAttr	igVisualAttribute
igShader	igGroup
igShader2	igGroup
igShaderData	igObject
igShaderFactory	igNamedObject
igShaderFactoryList	igObjectList
igShaderFunction	igObject
igShaderInfo	igInfo
igShaderProcessor	igObject
igShadowFunctionAttr	igVisualAttribute
igShortArrayMetaField	igShortMetaField
igShortList	igDataList
igShortListList	igObjectList
igShortMetaField	igMetaField
igSimpleShader	igShader2
igSimpleUserInfo	igUserInfo
igSkeleton	igAnimationHierarchy
igSkeletonBoneInfo	igNamedObject
igSkeletonBoneInfoList	igObjectList
igSkeletonList	igObjectList
igSkin	igNamedObject
igSkinList	igObjectList
igSoftwareAlarm	igAlarm
igSorter	igObject
igSpecialDoubleList	igDoubleList
igSphere	igVolume
igSpriteAttr	igVisualAttribute
igStackMemoryPool	igMemoryPool
igStackTrace	igObject
igStandardFile	igFile
igStandardQueue	igQueue
igStencilFunctionAttr	igVisualAttribute
igStencilStateAttr	igVisualAttribute
igStringArrayMetaField	igStringMetaField
igStringKey	igPropertyKey
igStringMetaField	igRefMetaField
igStringObj	igObject
igStringObjList	igObjectList
igStringPool	igObject
igStringRefList	igDataList
igStringRefListList	igObjectList
igStringTable	igObject
igStringValue	igPropertyValue
igStructMetaField	igMetaField
igSubTextureBindAttr	igTextureBindAttr
igSwitch	igGroup
igSymbolTable	igObject
igTexGenMatrixAttr	igVisualAttribute
igTextureAddressModeAttr	igVisualAttribute
igTextureAttr	igVisualAttribute
igTextureBindAttr	igVisualAttribute
igTextureBindAttrList	igObjectList
igTextureCoordSourceAttr	igVisualAttribute
igTextureCubeAttr	igTextureAttr
igTextureFunctionAttr	igVisualAttribute
igTextureInfo	igInfo
igTextureList	igObjectList
igTextureMatrixAttr	igVisualAttribute
igTextureMatrixAttrList	igObjectList
igTextureMatrixAttrPool	igObjectPool
igTextureMatrixStateAttr	igVisualAttribute
igTextureSamplerSource	igNamedObject
igTextureSamplerSourceList	igObjectList
igTextureStateAttr	igVisualAttribute
igTextureTransformMovieProcessor	igShaderProcessor
igTextureUnloadAttr	igVisualAttribute
igTgaLoader	igImageLoader
igThread	igNamedObject
igThreadList	igObjectList
igThreadManager	igObject
igTimeAttr	igVisualAttribute
igTimeAttrPool	igObjectPool
igTimeSwitch	igGroup
igTimeTransform	igGroup
igTimeTransform1_5	igTimeTransform
igTimer	igObject
igTrackedElementList	igDataList
igTrackedElementMetaField	igCompoundMetaField
igTransform	igGroup
igTransformFunctionList	igDataList
igTransformList	igObjectList
igTransformListList	igObjectList
igTransformRecorder	igGroup
igTransformSequence	igTransformSource
igTransformSequence1_5	igTransformSequence
igTransformSource	igObject
igTransformSourceParameters	igObject
igTransformStack	igNonRefCountedObjectStack
igTransientShaderData	igShaderData
igTraversal	igObject
igTraversalFunctionList	igDataList
igUnresolvedSymbol	igNamedObject
igUnresolvedSymbolList	igObjectList
igUnsignedCharArrayMetaField	igUnsignedCharMetaField
igUnsignedCharList	igDataList
igUnsignedCharMetaField	igMetaField
igUnsignedCharStack	igDataList
igUnsignedIntArrayMetaField	igUnsignedIntMetaField
igUnsignedIntList	igDataList
igUnsignedIntListNoClean	igUnsignedIntList
igUnsignedIntMetaField	igMetaField
igUnsignedLongArrayMetaField	igUnsignedLongMetaField
igUnsignedLongList	igDataList
igUnsignedLongMetaField	igMetaField
igUnsignedLongStack	igDataList
igUnsignedShortArrayMetaField	igUnsignedShortMetaField
igUnsignedShortList	igDataList
igUnsignedShortListList	igObjectList
igUnsignedShortMetaField	igMetaField
igUserInfo	igGroup
igUserUCodeExt	igContextExt
igVec2fList	igDataList
igVec2fMetaField	igMetaField
igVec3fAlignedList	igVec3fList
igVec3fList	igDataList
igVec3fListList	igObjectList
igVec3fMetaField	igMetaField
igVec3fObject	igObject
igVec3fObjectList	igObjectList
igVec4fArrayMetaField	igVec4fMetaField
igVec4fList	igDataList
igVec4fMetaField	igMetaField
igVec4fObject	igObject
igVec4fObjectList	igObjectList
igVec4ucList	igDataList
igVec4ucMetaField	igMetaField
igVector3MorphData	igMorphData
igVectorBlending	igObject
igVectorConstantAttr	igCustomStateCollectionAttr
igVectorMorphing	igObject
igVertexArray	igObject
igVertexArray1_1	igVertexArray
igVertexArray2	igNamedObject
igVertexArray2Helper	igNamedObject
igVertexArray2List	igObjectList
igVertexArrayHelper	igObject
igVertexArrayList	igObjectList
igVertexBlendMatrixAttr	igVisualAttribute
igVertexBlendMatrixAttrList	igObjectList
igVertexBlendMatrixAttrPool	igObjectPool
igVertexBlendMatrixListAttr	igVisualAttribute
igVertexBlendMatrixListAttrPool	igObjectPool
igVertexBlendShaderCapsInfoList	igDataList
igVertexBlendShaderCapsInfoListList	igObjectList
igVertexBlendShaderCapsInfoMetaField	igCompoundMetaField
igVertexBlendStateAttr	igVisualAttribute
igVertexData	igNamedObject
igVertexDataList	igObjectList
igVertexPipelineModeAttr	igVisualAttribute
igVertexShaderAttr	igVisualAttribute
igVertexShaderBindAttr	igVisualAttribute
igVertexShaderConstantAttr	igVisualAttribute
igVertexShaderStateAttr	igVisualAttribute
igVertexStream	igNamedObject
igViewportAttr	igVisualAttribute
igVirtualCFuncMetaField	igMetaField
igVisualAttribute	igAttr
igVisualContext	igContext
igVisualContextAttrDefaultManager	igAttrDefaultManager
igVisualContextCapabilityManager	igCapabilityManager
igVisualContextList	igNonRefCountedObjectList
igVolume	igObject
igVolumeList	igObjectList
igWin32CallStackTracer	igCallStackTracer
igWin32Folder	igFolder
igWin32Library	igLibrary
igWin32LibraryLoader	igObject
igWin32LongTimer	igLongTimer
igWin32Registry	igObject
igWin32StackTrace	igStackTrace
igWindow	igEventProducer
igXboxCapabilityManager	igObject
igXboxController	igController
igXboxControllerManager	igControllerManager
igXboxFile	igStandardFile
igXboxLineWidthExt	igLineWidthExt
igXboxWindow	igWindow
ravenDataPumpDriver	igGroup
ravenFakePointLighter	igGroup
ravenMovieNode	igGroup
ravenShaderFx	igGroup
ravenSorterSwitcher	igGroup
ravenZipFile	igFile
